{
  "user": [
    {
      "name": "yeni",
      "email": "yeni@topnotch.com",
      "password": "yeni1234",
      "gender": "male",
      "id": 1
    },
    {
      "name": "tade",
      "email": "tade@test.com",
      "gender": "female",
      "password": "tade123",
      "id": 2
    },
    {
      "name": "David",
      "email": "david@test.com",
      "gender": "male",
      "password": "david123",
      "id": 3
    },
    {
      "name": "John",
      "email": "john@web.ty",
      "gender": "Male",
      "password": "john1234",
      "id": 4
    },
    {
      "name": "folake",
      "email": "folake@web.ty",
      "gender": "female",
      "password": "folake1234",
      "id": 5
    },
    {
      "name": "Folake",
      "email": "fola@test.com",
      "gender": "female",
      "password": "fola1234",
      "id": 6
    },
    {
      "name": "james",
      "email": "james@test.com",
      "gender": "male",
      "password": "james1234",
      "id": 7
    },
    {
      "name": "",
      "email": "",
      "gender": "",
      "password": "",
      "id": 8
    },
    {
      "name": "titi",
      "email": "titi@testmail.com",
      "gender": "female",
      "password": "titi1234",
      "id": 9
    },
    {
      "name": "realer",
      "email": "wow@rtar.com",
      "gender": "Male",
      "password": "yetteftef",
      "id": 10
    },
    {
      "name": "Kemi",
      "email": "kemi@test.com",
      "gender": "Female",
      "password": "kemi111",
      "id": 11
    },
    {
      "name": "Wendy",
      "email": "wendy@test.com",
      "gender": "female",
      "password": "ggta",
      "id": 12
    },
    {
      "name": "Bola",
      "email": "bola@yes.com",
      "gender": "female",
      "password": "holy123",
      "id": 13
    },
    {
      "name": "Bola",
      "email": "bola@yes.com",
      "gender": "female",
      "password": "holy123",
      "id": 14
    },
    {
      "name": "Tito",
      "email": "tit@mail.com",
      "gender": "female",
      "password": "12344455",
      "id": 15
    },
    {
      "name": "Tope",
      "email": "tope@test.com",
      "gender": "Male",
      "password": "tope123",
      "id": 16
    },
    {
      "name": "Ope",
      "email": "ope@gmail.com",
      "gender": "female",
      "password": "ope123",
      "id": 17
    }
  ],
  "todo":[
    [
      {
        "id": 1,
        "title": "Make a bag",
        "due-date": "2022-07-21",
        "Status": "long term"

      }
    ]
  ]
}